SampleID,patient_class,split,n_total_cells,n_tumor_cells,cd8_to_tumor_n_source_cells,cd8_to_tumor_mean_px,cd8_to_tumor_mean_um,cd8_to_tumor_median_px,cd8_to_tumor_median_um,cd8_to_tumor_p10_px,cd8_to_tumor_p10_um,cd8_to_tumor_p25_px,cd8_to_tumor_p25_um,cd8_to_tumor_p75_px,cd8_to_tumor_p75_um,cd8_to_tumor_p90_px,cd8_to_tumor_p90_um,macrophage_to_tumor_n_source_cells,macrophage_to_tumor_mean_px,macrophage_to_tumor_mean_um,macrophage_to_tumor_median_px,macrophage_to_tumor_median_um,macrophage_to_tumor_p10_px,macrophage_to_tumor_p10_um,macrophage_to_tumor_p25_px,macrophage_to_tumor_p25_um,macrophage_to_tumor_p75_px,macrophage_to_tumor_p75_um,macrophage_to_tumor_p90_px,macrophage_to_tumor_p90_um,b_cell_to_tumor_n_source_cells,b_cell_to_tumor_mean_px,b_cell_to_tumor_mean_um,b_cell_to_tumor_median_px,b_cell_to_tumor_median_um,b_cell_to_tumor_p10_px,b_cell_to_tumor_p10_um,b_cell_to_tumor_p25_px,b_cell_to_tumor_p25_um,b_cell_to_tumor_p75_px,b_cell_to_tumor_p75_um,b_cell_to_tumor_p90_px,b_cell_to_tumor_p90_um
1,0,val,5167,2609,173,26.390855233992497,10.292433541257074,23.589820169692526,9.200029866180085,18.2157371101629,7.104137472963532,20.229069428020757,7.889337076928095,28.74524934336144,11.210647243910962,38.694305789632395,15.090779257956635,281,24.372881850547888,9.505423921713676,23.25359558478327,9.068902278065476,17.23585194511558,6.721982258595077,19.747208000600175,7.701411120234068,27.937016544780175,10.895436452464269,32.1144220004116,12.524624580160525,1147,61.75143289552087,24.08305882925314,41.30668378727239,16.109606677036233,19.059452820934876,7.433186600164602,23.859486150102263,9.305199598539883,85.79197409165329,33.45886989574478,138.19899405334726,53.897607680805436
2,0,val,3028,2072,245,29.512043140988904,11.509696824985673,27.741982969391593,10.819373358062721,19.03191348868124,7.4224462605856845,22.241447820082055,8.674164649832,35.192194576616046,13.72495588488026,41.94355562417359,16.3579866934277,511,30.473010462545506,11.884474080392748,28.84698217126043,11.250323046791568,19.607809003419224,7.647045511333498,23.47326226665568,9.154572283995716,35.799864540610386,13.961947170838052,43.16119800506718,16.8328672219762,2,22.834636334397366,8.905508170414974,22.834636334397366,8.905508170414974,19.356088058021946,7.548874342628559,20.66054366166273,8.057612028048464,25.008729007132,9.75340431278148,26.313184610772783,10.262141998201386
3,1,train,6315,3136,496,41.07355523468488,16.018686541527103,33.52308905474829,13.074004731351833,18.411925353422678,7.180650887834845,22.39516982288351,8.734116230924569,50.99901441715844,19.889615622691792,74.96012666813452,29.234449400572466,726,33.10540352019425,12.911107372875758,27.008910911646833,10.533475255542266,17.036502006022,6.644235782348581,20.00068342301534,7.800266534975982,40.71025793365078,15.877000594123805,55.82142000029506,21.770353800115075,427,39.74973486422846,15.5023965970491,34.157642502310885,13.321480575901246,18.224521921976766,7.107563549570939,22.157860672455612,8.641565662257689,50.15198572121193,19.55927443127265,72.30191741784019,28.197747792957674
4,1,test,6643,2482,304,59.45585841807766,23.18778478305029,49.35791359795077,19.2495863032008,20.6576635182007,8.056488772098273,29.53523771202602,11.518742707690148,81.48923063995306,31.780799949581695,109.87542860965804,42.85141715776664,880,57.85092683743906,22.561861466601236,49.66608001408827,19.369771205494427,22.130242637418053,8.63079462859304,30.795156879087727,12.010111182844215,74.02203932314546,28.868595336026733,103.13464286577053,40.22251071765051,329,61.89983919127257,24.1409372845963,52.516695396956834,20.481511204813167,21.620620997301167,8.432042188947456,30.59770103289128,11.9331034028276,73.85136416349683,28.80203202376376,112.88733408103647,44.026060291604225
5,1,train,5406,2616,531,39.241733924783404,15.304276230665527,33.54041573595075,13.080762137020793,18.213869602261283,7.1034091448819,23.11306411013675,9.014095002953333,50.311029663789824,19.62130156887803,68.88516846950692,26.8652157031077,1064,45.17078400330101,17.616605761287396,39.002479280467185,15.210966919382203,19.84505775909542,7.739572526047214,25.629735570694795,9.995596872570971,54.593017430147306,21.29127679775745,76.7834302996508,29.945537816863816,3,37.27166383080664,14.53594889401459,32.45851248653297,12.658819869747857,27.76249775806873,10.827374125646806,29.523503281242817,11.5141662796847,42.61324870823363,16.619166996211113,48.70609044125402,18.995375272089067
6,1,train,5998,3678,206,36.1233759133613,14.088116606210908,27.57502581295929,10.754260067054123,18.34885009829864,7.15605153833647,21.61079282425415,8.428209201459119,45.47977891418837,17.737113776533466,61.78252250860912,24.09518377835756,710,47.48719894989094,18.520007590457467,39.028865349999336,15.221257486499741,20.05382501662981,7.8209917564856255,25.31713544353718,9.8736828229795,60.45173652336759,23.576177244113364,88.79084571159761,34.62842982752307,33,42.04533355661052,16.397680087078104,40.574380593799425,15.824008431581776,18.48030124333613,7.207317484901091,23.067279960214645,8.996239184483711,53.26102688557612,20.771800485374687,66.01197728336155,25.744671140511002
7,0,train,3410,2852,4,29.79972502920662,11.621892761390582,28.062256472182405,10.944280024151139,21.331060964202326,8.319113776038908,24.694793097553784,9.630969308045977,33.16718840383524,12.935203477495744,39.65836393983029,15.466761936533812,245,33.892412607670224,13.218040916991388,30.917819015529187,12.057949416056383,18.594726558654713,7.251943357875338,23.21117662154634,9.052358882403073,42.23060825970456,16.46993722128478,53.68578080984284,20.93745451583871,0,,,,,,,,,,,,
8,0,val,3136,2575,50,28.318311276646458,11.044141397892119,25.898022644437177,10.100228831330499,17.838951810186327,6.957191205972667,20.837912735742165,8.126785966939444,35.31328049011674,13.772179391145528,40.31782989679377,15.72395365974957,269,28.095219477614208,10.957135596269541,25.78386754728295,10.055708343440351,18.452341403777854,7.196413147473363,21.460076069060662,8.369429666933659,32.518448381727936,12.682194868873895,40.56157334892818,15.81901360608199,8,27.611416644172362,10.768452491227222,25.717636525410093,10.029878244909936,14.933917012676519,5.824227634943843,18.571298930751283,7.242806582993,35.403623367328194,13.807413113257995,43.878859150561155,17.11275506871885
9,1,test,6139,2867,391,40.224596138190456,15.687592493894279,31.949657283638633,12.460366340619068,17.559352694137004,6.848147550713432,20.88317889209705,8.14443976791785,53.1613510809094,20.732926921554665,75.4826061895855,29.438216413938346,1236,46.80885315795899,18.25545273160401,40.1725140959748,15.667280497430172,19.285488763775106,7.5213406178722915,26.402758813338977,10.297075937202202,60.99505602344889,23.788071849145066,82.27080902847126,32.08561552110379,60,46.82667216323669,18.262402143662307,40.27872907018399,15.708704337371758,20.608871185838957,8.037459762477194,27.470416230490706,10.713462329891376,63.96227284876502,24.94528641101836,79.56831366058786,31.031642327629267
10,1,val,4580,1714,410,36.077147785164215,14.070087636214044,30.313064450658185,11.822095135756692,17.939555078056767,6.996426480442139,22.850993349942783,8.911887406477685,45.209745786888824,17.631800856886642,61.52094824595407,23.993169815922087,1304,42.18109723481648,16.450627921578427,39.02335988832179,15.2191103564455,20.20978235110278,7.881815116930085,28.134781581330962,10.972564816719075,52.69554067581673,20.551260863568526,67.80477959077896,26.443864040403795,18,43.03384994824087,16.78320147981394,40.193140101377764,15.67532463953733,21.818479585154797,8.509207038210372,29.631535233627158,11.556298741114592,49.007524079774655,19.112934391112116,65.13658593794251,25.40326851579758
11,0,train,5112,3495,302,24.329552474743917,9.488525465150127,22.266150485563095,8.683798689369608,16.195330219131755,6.316178785461385,18.758462338425808,7.315800311986066,28.352412464743512,11.05744086124997,33.38449969844645,13.019954882394115,574,26.406714565371487,10.298618680494881,24.862806429795384,9.6964945076202,17.115616763750904,6.675090537862853,20.358229972584454,7.9397096893079375,30.939540968018274,12.066420977527127,37.78584634147281,14.736480073174397,1,30.233805929648643,11.79118431256297,30.233805929648643,11.79118431256297,30.233805929648643,11.79118431256297,30.233805929648643,11.79118431256297,30.233805929648643,11.79118431256297,30.233805929648643,11.79118431256297
12,0,train,6995,3448,701,31.822378485961195,12.410727609524866,24.65418722143368,9.615133016359136,16.9763274061902,6.620767688414179,19.792410904973917,7.719040252939828,36.5400357008613,14.250613923335909,59.45767413560987,23.18849291288785,1413,29.059189339573763,11.333083842433767,24.38854482256647,9.511532480800923,16.961177609602398,6.614859267744936,19.912876793311533,7.766021949391498,32.72334542128083,12.762104714299525,47.41131076653467,18.49041119894852,96,35.573340552233056,13.873602815370893,27.26857765542608,10.634745285616171,15.981268824840036,6.232694841687614,20.533438252252665,8.00804091837854,48.83036676553257,19.0438430385577,63.226269725115515,24.65824519279505
13,0,test,7665,2502,2089,36.625676561888824,14.284013859136643,31.121237610519312,12.137282668102532,17.410549798797522,6.790114421531034,21.598694875925435,8.42349100161092,45.87386006406929,17.890805424987025,63.95376897215469,24.94196989914033,1088,38.549815626714555,15.034428094418677,33.79201309044518,13.17888510527362,18.092307377808375,7.055999877345267,23.339730700857544,9.102494973334442,48.006868907660504,18.722678873987597,66.35870263293172,25.879894026843374,209,41.08537011660446,16.02329434547574,35.61560333348949,13.890085300060901,17.871392549458275,6.969843094288727,22.58855213619313,8.80953533311532,51.447113778193255,20.06437437349537,76.79240135321544,29.94903652775402
14,0,test,6270,5220,410,25.000695072751984,9.750271078373274,20.32629116008081,7.927253552431516,14.82111019952955,5.7802329778165245,17.146631207784147,6.687186171035817,25.626550746309814,9.994354791060827,42.7184812329389,16.66020768084617,345,32.76518952014668,12.778423912857205,24.194384086491954,9.435809793731863,16.419339311095897,6.4035423313274,19.59455264947813,7.641875533296471,36.1465466157873,14.097153180157047,60.53224642350008,23.60757610516503,0,,,,,,,,,,,,
15,2,train,3315,3201,0,,,,,,,,,,,,,103,25.185106418589346,9.822191503249845,23.04916464708181,8.989174212361906,17.874300752551054,6.9709772934949115,19.635879334892127,7.65799294060793,27.822910610708814,10.850935138176437,35.26725278629618,13.754228586655511,0,,,,,,,,,,,,
16,1,train,8212,1713,2433,77.42155585512918,30.194406783500384,66.18070563969975,25.810475199482905,26.58913592980254,10.369763012622991,41.654083260629484,16.2450924716455,100.98765319346951,39.38518474545311,147.49537926397176,57.52319791294899,494,85.03108580361193,33.162123463408655,73.99760151584606,28.859064591179962,27.820468925692627,10.849982881020125,45.26988212332132,17.655254028095314,114.56096655450406,44.678776956256584,158.70773841717883,61.896017982699746,146,103.8662132055515,40.50782315016509,101.58705218925124,39.61895035380798,40.00467076218334,15.601821597251503,62.32202519068081,24.305589824365516,147.93646331451953,57.695220692662616,167.47734390088524,65.31616412134525
17,0,train,7071,3817,584,31.714369110909825,12.368603953254832,26.80626039869889,10.454441555492567,16.614011524658594,6.479464494616852,19.94896325062332,7.780095667743095,39.48669429551177,15.39981077524959,52.69367022597031,20.55053138812842,578,29.995192719229134,11.698125160499362,25.163475568490348,9.813755471711236,17.044295653932693,6.647275305033751,20.254662381839132,7.899318328917262,35.098382270924894,13.688369085660709,46.6083786919594,18.177267689864166,516,46.48964487616834,18.130961501705652,34.8209274103424,13.580161690033536,18.60165619717569,7.254645916898519,22.965697014680952,8.956621835725572,62.28525886711095,24.29125095817327,97.00271600754668,37.831059242943205
18,0,val,5539,5039,51,19.947572141834875,7.779553135315601,19.479472205932918,7.596994160313838,15.809427570224862,6.1656767523876965,17.164990505671057,6.6943462972117125,22.211218081227877,8.662375051678872,24.546123701964927,9.572988243766321,312,21.525611825341496,8.394988611883184,21.128353735304348,8.240057956768696,14.955189871253205,5.83252404978875,17.784981104602394,6.936142630794934,24.6678016779019,9.62044265438174,29.011856352716595,11.314623977559473,6,19.04509346676372,7.427586452037851,18.405741052145054,7.178239010336571,14.271989660407755,5.566075967559025,15.64652544119851,6.102144922067419,21.034113658049495,8.203304326639303,24.457549687738357,9.53844437821796
19,2,train,4400,4192,1,14.705468976638734,5.7351329008891065,14.705468976638734,5.7351329008891065,14.705468976638734,5.7351329008891065,14.705468976638734,5.7351329008891065,14.705468976638734,5.7351329008891065,14.705468976638734,5.7351329008891065,166,28.60236769665431,11.15492340169518,24.961878440674973,9.73513259186324,16.957551996050107,6.613445278459542,19.88709214037373,7.755965934745755,34.94274250336046,13.62766957631058,42.1183547948283,16.42615836998304,2,33.00939719107206,12.873664904518105,33.00939719107206,12.873664904518105,30.33268391632574,11.829746727367038,31.33645139435561,12.221216043798687,34.682342987788516,13.526113765237522,35.68611046581838,13.91758308166917
20,0,test,5103,3546,475,23.498754850877805,9.164514391842344,21.30678981327317,8.309648027176536,15.806627769671248,6.164584830171787,18.50474786951566,7.216851669111108,25.505255504061964,9.947049646584166,31.81872716109024,12.409303592825195,193,40.88469653331766,15.945031647993888,28.503764731917226,11.116468245447718,17.788111457319612,6.937363468354649,20.9385541762868,8.166036128751852,49.57673977804481,19.334928513437475,80.59473975748129,31.431948505417704,17,22.967215371944114,8.957213995058204,22.099979647064277,8.618992062355069,16.57917073364401,6.465876586121164,19.030986590578483,7.4220847703256085,27.123495305372053,10.5781631690951,30.146294221914605,11.757054746546697
21,0,train,5423,4873,8,35.9690177276649,14.02791691378931,25.20472237630988,9.829841726760854,16.307747672583425,6.360021592307536,18.049289176382135,7.039222778789033,49.2021439296851,19.18883613257719,69.52771313972426,27.11580812449246,211,25.81502419242098,10.067859435044182,23.205057624870378,9.049972473699448,16.282706447120166,6.350255514376865,19.32149920829128,7.535384691233599,29.513468500939933,11.510252715366574,38.17182237417914,14.887010725929866,0,,,,,,,,,,,,
22,2,train,3072,2899,7,34.49929737978513,13.454725978116203,26.898335221733774,10.490350736476172,18.29075363425313,7.13339391735872,22.53811741124037,8.789865790383745,45.700075024901096,17.82302925971143,57.7016188507052,22.50363135177503,146,25.77280895208107,10.051395491311618,23.966823366237143,9.347061112832487,16.034029964373886,6.2532716861058155,18.835257322427385,7.34575035574668,30.68472934210036,11.967044443419141,38.697690912918674,15.092099456038284,0,,,,,,,,,,,,
23,0,train,4490,3771,61,38.13725321483853,14.873528753787028,32.93488894671033,12.844606689217029,18.50209314028839,7.215816324712473,24.770012040596804,9.660304695832753,47.57695146287025,18.5550110705194,66.98951454802064,26.12591067372805,467,32.08952803707225,12.514915934458177,29.497233415997457,11.503921032239008,17.71383887008956,6.908397159334929,21.807957607907458,8.50510346708391,38.648647282984,15.072972440363761,49.20401617555796,19.189566308467604,3,36.47167026878905,14.223951404827728,31.091459573822966,12.125669233790957,25.384773102058464,9.900061509802802,27.524780528970155,10.73466440629836,42.7284546611249,16.66409731783871,49.71065171350605,19.38715416826736
24,2,val,4613,4525,0,,,,,,,,,,,,,32,29.410621382010007,11.470142338983903,27.28075774495435,10.639495520532197,17.489995124949278,6.821098098730219,21.678740089184164,8.454708634781824,35.06767216760605,13.676392145366359,44.42327120387524,17.325075769511344,0,,,,,,,,,,,,
25,2,train,2658,2436,8,24.584249683284504,9.587857376480956,21.738816646000465,8.478138491940182,15.622096343041402,6.092617573786147,16.76727753658857,6.539238239269542,29.801515335860394,11.622590980985555,37.11984631793252,14.476740063993683,61,25.745678539550678,10.040814630424764,24.18275782016552,9.431275549864553,17.217132571531156,6.714681702897151,19.235646888986775,7.501902286704842,30.13171242796159,11.751367846905021,38.49970703058636,15.01488574192868,0,,,,,,,,,,,,
26,2,test,5119,5028,1,24.86324654598592,9.696666152934508,24.86324654598592,9.696666152934508,24.86324654598592,9.696666152934508,24.86324654598592,9.696666152934508,24.86324654598592,9.696666152934508,24.86324654598592,9.696666152934508,72,22.354961874044722,8.718435130877442,20.266754657104848,7.904034316270891,15.279641817731873,5.959060308915431,16.283615678573714,6.350610114643748,26.12663608299263,10.189388072367125,32.72451712158551,12.762561677418349,0,,,,,,,,,,,,
27,0,train,4332,3506,33,23.726709509730505,9.253416708794896,21.5641838067308,8.410031684625013,16.499613888379645,6.434849416468062,18.19209868402419,7.094918486769435,27.809949477217277,10.84588029611474,33.67808608333814,13.134453572501874,438,32.19533666415303,12.556181299019682,27.483753176931547,10.718663739003304,17.400583456073946,6.786227547868839,20.690188111685977,8.069173363557532,38.63928356353989,15.069320589780558,50.258275763663725,19.600727547828853,0,,,,,,,,,,,,
28,1,train,6061,1558,192,78.50691499385779,30.617696847604538,71.29549762434526,27.805244073494652,23.2357184735282,9.061930204675997,39.15267441841685,15.269543023182573,98.49195170986982,38.411861166849235,144.58157783072608,56.386815353983174,324,69.32814780038163,27.037977642148835,58.680614978717415,22.885439841699792,20.18448692930717,7.8719499024297965,31.841415976690538,12.41815223090931,100.62511802044506,39.24379602797357,131.30767137341866,51.209991835633275,2257,99.61937834954516,38.85155755632261,89.92592206998114,35.07110960729265,30.755910527177814,11.994805105599347,53.604968902483016,20.905937871968376,136.69260153124108,53.310114597184025,183.36309928440727,71.51160872091884
29,0,test,4819,3059,784,37.83701782167863,14.756436950454665,34.007326710089714,13.262857416934988,18.41198574602203,7.180674440948592,22.911441548662435,8.93546220397835,47.193386425986375,18.405420706134688,64.18419019582619,25.031834176372215,428,35.244742942269326,13.745449747485038,30.50964242844178,11.898760547092294,17.997936548462672,7.019195253900442,22.326490047589573,8.707331118559933,44.440656832953465,17.331856164851853,57.7310028779618,22.515091122405103,0,,,,,,,,,,,,
31,0,train,3415,3099,6,25.64390023987464,10.00112109355111,27.201009287965597,10.608393622306583,19.41264484356181,7.570931488989107,22.918336467436724,8.938151222300323,29.051114941212933,11.329934827073044,30.3180465880965,11.824038169357635,272,26.265591540864776,10.243580700937263,24.933517362408928,9.724071771339482,16.640740947507055,6.489888969527752,19.870757737684205,7.74959551769684,32.14544445941826,12.53672333917312,36.19150762264332,14.114687972830897,0,,,,,,,,,,,,
32,1,train,5158,1607,1273,43.964514105718564,17.14616050123024,34.66392157379826,13.518929413781322,18.41252520462958,7.180884829805537,22.72486635886131,8.862697879955912,55.43201019138282,21.6184839746393,84.15181028948612,32.81920601289959,1410,55.61639127653838,21.690392597849968,49.292293420522256,19.223994434003682,22.651051818263902,8.833910209122921,32.502563728785546,12.675999854226363,71.14806789148477,27.747746477679062,99.01292002727186,38.61503881063603,41,66.72959746728952,26.024543012242916,62.38601741853348,24.330546793228056,21.351604844474203,8.32712588934494,35.96958124347672,14.028136684955921,88.3300693847789,34.44872706006377,136.44289954115058,53.21273082104873
33,0,train,2046,1731,38,31.856765209076674,12.424138431539903,28.001950881753842,10.920760843883999,17.452673442706484,6.806542642655529,19.773849176381034,7.711801178788604,34.43573705936251,13.429937453151378,58.73790190548658,22.90778174313977,152,29.94075969053304,11.676896279307886,25.812479381838305,10.06686695891694,15.950309384935798,6.220620660124961,18.24293888731924,7.114746166054505,38.08588463268335,14.853495006746508,51.73800286102787,20.17782111580087,3,22.191630367575836,8.654735843354576,20.469693987143255,7.98318065498587,19.17925168764081,7.479908158179916,19.663167549954228,7.668635344482149,23.859124994981155,9.30505874804265,25.892783599683895,10.09818560387672
34,1,train,2856,1547,178,36.84969276337301,14.371380177715473,33.550695979115616,13.08477143185509,16.56279998995146,6.45949199608107,21.406755599300684,8.348634683727267,45.38802610228791,17.701330179892285,60.23415532370499,23.491320576244945,394,35.11327631256108,13.694177761898821,31.107292280230393,12.131843989289854,17.76092809494779,6.926761957029639,21.641237169178982,8.440082495979803,42.41483260704203,16.541784716746392,54.42855301650601,21.227135676437342,5,36.72472359210183,14.322642200919715,28.83515232625268,11.245709407238545,18.79246606206597,7.329061764205728,22.242210713487797,8.67446217826024,49.88486569008509,19.455097619133188,59.65519803777334,23.265527234731604
35,1,val,7716,685,770,111.61200623697232,43.52868243241921,92.26479730241562,35.98327094794209,35.2020353771335,13.728793797082064,57.54490082484909,22.442511321691146,140.59851929944801,54.83342252678473,195.53180242191,76.25740294454489,164,92.61416677388577,36.11952504181545,89.22155770179076,34.7964075036984,30.045852335876862,11.717882410991976,47.689967855641086,18.599087463700023,122.16912980270439,47.64596062305471,152.41274914152265,59.440972165193834,2623,176.37785532096197,68.78736357517518,164.47747157475987,64.14621391415635,66.67097343491923,26.0016796396185,106.75747709948658,41.63541606879977,230.19414686103082,89.77571727580202,312.9760710505619,122.06066770971916
36,1,test,2939,1516,370,33.34959880677522,13.006343534642337,30.482653287529097,11.888234782136347,17.476694462300106,6.815910840297041,22.544861801636106,8.792496102638081,41.0405674307418,16.005821297989304,53.08994932793054,20.70508023789291,409,33.06824590607424,12.896615903368954,29.902710150378628,11.662056958647666,17.83729611610972,6.956545485282791,20.749552988956424,8.092325665693005,42.41592387156773,16.542210309911415,53.77733437882172,20.973160407740473,4,32.96639737201748,12.856894975086819,33.08131018841302,12.901710973481078,20.748918055469403,8.092078041633068,26.75515785486573,10.434511563397635,39.29254970556478,15.324094385170264,45.091946435449145,17.58585910982517
37,1,train,6280,1607,979,49.0171746544796,19.116698115247043,43.63274013829778,17.016768653936133,20.869109646821435,8.13895276226036,30.398974700653405,11.855600133254828,63.60763891859371,24.806979178251545,84.03753667219746,32.77463930215701,945,42.82741005386757,16.70268992100835,38.590352885978184,15.050237625531492,19.599909734522726,7.643964796463863,26.01024691651314,10.143996297440125,54.8048896771447,21.373906974086434,72.49431574695598,28.272783141312832,238,42.4093156581212,16.53963310666727,38.503203400932435,15.016249326363651,19.839739760701914,7.737498506673747,25.321978816962062,9.875571738615205,56.166128592272614,21.90479015098632,71.20503436598443,27.76996340273393
38,0,train,4330,3300,42,29.746913422096515,11.60129623461764,24.994611690276912,9.747898559207997,16.06567614896129,6.265613698094904,21.462687171002433,8.370447996690949,37.43537086673669,14.59979463802731,47.13264275586331,18.38173067478669,686,29.345580720027087,11.444776480810564,26.873056544718857,10.480492052440354,16.98466420360551,6.62401903940615,20.9679765885698,8.177510869542223,35.46636318476963,13.831881642060155,45.154144764361334,17.610116458100922,1,13.993669955988361,5.457531282835461,13.993669955988361,5.457531282835461,13.993669955988361,5.457531282835461,13.993669955988361,5.457531282835461,13.993669955988361,5.457531282835461,13.993669955988361,5.457531282835461
39,0,train,4030,1627,553,31.34098179633794,12.222982900571797,26.262963701349374,10.242555843526256,17.393942759432626,6.783637676178724,21.092548961193852,8.226094094865603,34.77551593602968,13.562451215051574,50.94905026807861,19.87012960455066,893,72.034130325522,28.09331082695358,53.19607043147943,20.74646746827698,22.991226188036702,8.966578213334314,33.25169711386376,12.968161874406867,91.75258474698335,35.78350805132351,160.06285078583795,62.4245118064768,40,31.994880849965,12.478003531486351,27.089609504145095,10.564947706616588,17.922745887716182,6.989870896209311,20.965085471357977,8.17638333382961,42.14652150864419,16.437143388371236,53.57605263040622,20.894660525858427
40,1,train,4285,1799,255,41.826284224730934,16.312250847645064,36.981379975963605,14.422738190625807,18.776211303876526,7.322722408511845,23.451616819401117,9.146130559566435,55.38780782933761,21.60124505344167,74.16234309193406,28.923313805854285,113,32.58874865463295,12.709611975306851,28.434038689895978,11.089275089059432,16.581756580373867,6.466885066345808,19.510750170195344,7.609192566376184,37.709357600250584,14.706649464097728,52.26913659702796,20.384963272840906,703,53.329904012565784,20.798662564900656,45.825161626959655,17.871813034514265,20.351180076644464,7.9369602298913415,27.703565259881987,10.804390451353976,66.91619354460221,26.097315482394862,98.58284647389962,38.44731012482085
41,1,val,4532,1688,284,46.51291314207626,18.14003612540974,37.35556237325462,14.568669325569303,18.71385056846918,7.29840172170298,24.832628775378673,9.684725222397683,56.74818817102251,22.13179338669878,86.03079676999693,33.552010740298805,507,38.75535577384002,15.11458875179761,34.115601853034896,13.30508472268361,17.793357385523397,6.939409380354125,24.270209925398813,9.465381870905537,46.46067470668892,18.11966313560868,66.13424094878361,25.79235397002561,177,62.94736600582248,24.54947274227077,46.62412889615554,18.183410269500662,19.06520467978684,7.435429825116868,30.076222761077393,11.729726876820184,80.90361255801875,31.552408897627313,143.22149564792534,55.85638330269089
